"product_id","product_name","gender","category","pattern","color","age_group","season","price","material","sales_count","reviews_count","average_rating","out_of_stock_times","brand","discount","last_stock_date","wish_list_count","month_of_sale","year_of_sale","product_url"
"9001","Spring To Summer Lace Trim Cami Top Pink Polka Dot","Female","Shirt","Polka Dots","Pink","18-35","Summer","45.0","Mixed","","","","","Princess Polly Lower Impact","","","","","2026","https://us.princesspolly.com/products/spring-to-summer-lace-trim-cami-top-pink-polka-dot"
"9002","Where Lovers Meet Sequin Graphic Tank Top Blue","Female","Shirt","Solid","Blue","18-35","Summer","49.0","Mixed","","","","","Princess Polly","","","","","2026","https://us.princesspolly.com/products/where-lovers-meet-sequin-graphic-tank-top-blue"
"9003","Baby Steps Spliced Bust Detail Cami Top Blue Gingham","Female","Shirt","Checked","Blue","18-35","All","55.0","Mixed","","","","","Princess Polly","","","","","2026","https://us.princesspolly.com/products/baby-steps-spliced-bust-detail-cami-top-blue-gingham"
"9004","Speechless Lace Trim Strapless Top White","Female","Shirt","Solid","White","18-35","All","55.0","Mixed","","","","","Princess Polly","","","","","2026","https://us.princesspolly.com/products/speechless-lace-trim-strapless-top-white"
"9005","Silver Springs Halter Ruched Mini Dress Jelly Mint","Female","Dress","Solid","Mint","18-35","Spring","69.0","Mixed","","","","","Princess Polly Lower Impact","","","","","2026","https://us.princesspolly.com/products/silver-springs-halter-ruched-mini-dress-jelly-mint"
"9006","Danee Beaded Mesh Halter Top Brown","Female","Shirt","Solid","Brown","18-35","Winter","55.0","Mixed","","","","","Princess Polly","","","","","2026","https://us.princesspolly.com/products/danee-beaded-mesh-halter-top-brown"
"9007","Idiana Halter Keyhole Top Blue Stripe","Female","Shirt","Striped","Blue","18-35","All","55.0","Mixed","","","","","Princess Polly","","","","","2026","https://us.princesspolly.com/products/idiana-halter-keyhole-top-blue-stripe"
"9008","Quani Lace Top Black","Female","Shirt","Solid","Black","18-35","Winter","55.0","Mixed","","","","","Princess Polly","","","","","2026","https://us.princesspolly.com/products/quani-lace-top-black"
"9009","Adolena Halter Ruched Maxi Dress Yellow Stripe","Female","Dress","Striped","Yellow","18-35","All","79.0","Mixed","","","","","Princess Polly Lower Impact","","","","","2026","https://us.princesspolly.com/products/adolena-halter-ruched-maxi-dress-yellow-stripe"
"9010","Saving Up Mid Rise Straight Leg Studded Jeans White","Female","Jeans","Solid","White","18-35","All","88.0","Mixed","","","","","Princess Polly","","","","","2026","https://us.princesspolly.com/products/saving-up-mid-rise-straight-leg-studded-jeans-white"
"9011","No Pressure Lace Trim Halter Top White","Female","Shirt","Solid","White","18-35","All","49.0","Mixed","","","","","Princess Polly","","","","","2026","https://us.princesspolly.com/products/no-pressure-lace-trim-halter-top-white"
"9012","Quani Lace Midi Skirt Black","Female","Skirt","Solid","Black","18-35","All","65.0","Mixed","","","","","Princess Polly","","","","","2026","https://us.princesspolly.com/products/quani-lace-midi-skirt-black"
"9013","Jamyma Asymmetrical Mini Dress Beige Stripe","Female","Dress","Striped","Beige","18-35","All","65.0","Mixed","","","","","Princess Polly","","","","","2026","https://us.princesspolly.com/products/jamyma-asymmetrical-mini-dress-beige-stripe"
"9014","Mayci Collared Lace Trim Playsuit Brown Check","Female","Playsuits","Checked","Red","18-35","All","69.0","Mixed","","","","","Princess Polly","","","","","2026","https://us.princesspolly.com/products/mayci-collared-lace-trim-playsuit-brown-check"
"9015","Daily Define Halter Tank Top Red","Female","Shirt","Solid","Red","18-35","Summer","35.0","Mixed","","","","","Princess Polly Lower Impact","","","","","2026","https://us.princesspolly.com/products/daily-define-halter-tank-top-red"
"9016","Idiana Halter Keyhole Top Cream","Female","Shirt","Solid","Cream","18-35","All","55.0","Mixed","","","","","Princess Polly","","","","","2026","https://us.princesspolly.com/products/idiana-halter-keyhole-top-cream"
"9017","Edeni Lace Splice Halter Mini Dress Black","Female","Dress","Solid","Black","18-35","All","79.0","Mixed","","","","","Princess Polly Lower Impact","","","","","2026","https://us.princesspolly.com/products/edeni-lace-splice-halter-mini-dress-black"
"9018","Brigida Strapless Maxi Dress Mocha","Female","Dress","Solid","Multicolor","18-35","All","75.0","Mixed","","","","","Princess Polly","","","","","2026","https://us.princesspolly.com/products/brigida-strapless-maxi-dress-mocha"
"9019","Edeni Lace Splice Halter Mini Dress Multi","Female","Dress","Solid","Multicolor","18-35","All","79.0","Mixed","","","","","Princess Polly Lower Impact","","","","","2026","https://us.princesspolly.com/products/edeni-lace-splice-halter-mini-dress-multi"
"9020","Fillipa Lace Button Down Top White","Female","Shirt","Solid","White","18-35","Winter","45.0","Mixed","","","","","Princess Polly","","","","","2026","https://us.princesspolly.com/products/fillipa-lace-button-down-top-white"
"9021","Fenrir Ruched Mini Dress Multi Floral","Female","Dress","Floral","Multicolor","18-35","Spring","75.0","Mixed","","","","","Princess Polly","","","","","2026","https://us.princesspolly.com/products/fenrir-ruched-mini-dress-multi-floral"
"9022","Doralyn Scoop Mini Dress Blue Polka Dot","Female","Dress","Polka Dots","Blue","18-35","All","59.0","Mixed","","","","","Princess Polly","","","","","2026","https://us.princesspolly.com/products/doralyn-scoop-mini-dress-blue-polka-dot"
"9023","Dolana Halter Playsuit Chocolate","Female","Playsuits","Solid","Multicolor","18-35","All","75.0","Mixed","","","","","Princess Polly","","","","","2026","https://us.princesspolly.com/products/dolana-halter-playsuit-chocolate"
"9024","Picante Bias Cross Back Maxi Dress Pink Polka","Female","Dress","Polka Dots","Pink","18-35","All","79.0","Mixed","","","","","Princess Polly","","","","","2026","https://us.princesspolly.com/products/picante-bias-cross-back-maxi-dress-pink-polka"
"9025","Yalanda Cut Out Collared Top White","Female","Shirt","Solid","White","18-35","All","55.0","Mixed","","","","","Princess Polly","","","","","2026","https://us.princesspolly.com/products/yalanda-cut-out-collared-top-white"
"9026","Zarelle Graphic Halter Top Multi","Female","Shirt","Solid","Multicolor","18-35","All","39.0","Mixed","","","","","Princess Polly Lower Impact","","","","","2026","https://us.princesspolly.com/products/zarelle-graphic-halter-top-multi"
"9027","Korrine Off Shoulder Short Sleeve Lace Top Black","Female","Shirt","Solid","Black","18-35","Winter","49.0","Mixed","","","","","Princess Polly","","","","","2026","https://us.princesspolly.com/products/korrine-off-shoulder-short-sleeve-lace-top-black"
"9028","Leocadia Scoop Neck Bead Detail Top Chocolate","Female","Shirt","Solid","Multicolor","18-35","Winter","49.0","Mixed","","","","","Princess Polly Lower Impact","","","","","2026","https://us.princesspolly.com/products/leocadia-scoop-neck-bead-detail-top-chocolateolate"
"9029","Rusten Sheer Cinched Collared Top White","Female","Shirt","Solid","White","18-35","All","55.0","Mixed","","","","","Princess Polly","","","","","2026","https://us.princesspolly.com/products/rusten-sheer-cinched-collared-top-white"
"9030","Antonetta Off Shoulder Ruched Mini Dress Grey Marle","Female","Dress","Solid","Grey","18-35","All","75.0","Mixed","","","","","Princess Polly","","","","","2026","https://us.princesspolly.com/products/antonetta-off-shoulder-ruched-mini-dress-grey-marle"
"9031","Agnessa Ruched Detail Mini Dress White","Female","Dress","Solid","White","18-35","All","69.0","Mixed","","","","","Princess Polly","","","","","2026","https://us.princesspolly.com/products/agnessa-ruched-detail-mini-dress-white"
"9032","Lunea Concealed Waistband Pants Beige Stripe","Female","Jeans","Striped","Beige","18-35","All","65.0","Mixed","","","","","Princess Polly","","","","","2026","https://us.princesspolly.com/products/lunea-concealed-waistband-pants-beige-stripe"
"9033","Delythena Frill Scoop Mini Dress Green Paisley","Female","Dress","Solid","Green","18-35","All","65.0","Mixed","","","","","Princess Polly Lower Impact","","","","","2026","https://us.princesspolly.com/products/delythena-frill-scoop-mini-dress-green-paisley"
"9034","Millen Gathered Waist Halter Maxi Dress White Polka Dot","Female","Dress","Polka Dots","White","18-35","All","85.0","Mixed","","","","","Princess Polly","","","","","2026","https://us.princesspolly.com/products/millen-gathered-waist-halter-maxi-dress-white-polka-dot"
"9035","Napoleon Faux Leather Jacket Dark Brown","Female","Jacket","Solid","Brown","18-35","Autumn","115.0","Leather","","","","","Princess Polly Lower Impact","","","","","2026","https://us.princesspolly.com/products/napoleon-faux-leather-jacket-dark-brown"
"9251","Overtime Oversized Tee | Black Relaxed-Fit","Unisex","Shirt","Solid","Black","18-35","All","40.0","Mixed","","","","","Cuts Clothing","","","","","2026","https://cutsclothing.com/products/overtime-tee-black"
"9252","AO Button Up | Nimbus Signature-Fit PYCA Pro?","Male","Ao Button Up | Nimbus Signature-Fit Pyca Pro?","Solid","Multicolor","18-35","All","42.0","Mixed","","","","","Cuts Clothing","","","","","2026","https://cutsclothing.com/products/ao-button-up-nimbus"
"9253","AO Button Up | Naples Blue Signature-Fit PYCA Pro?","Male","Ao Button Up | Naples Blue Signature-Fit Pyca Pro?","Solid","Blue","18-35","All","42.0","Mixed","","","","","Cuts Clothing","","","","","2026","https://cutsclothing.com/products/ao-button-up-naples-blue"
"9254","Crossover Short Lined 7"" | Bone Classic-fit","Male","Bottoms","Solid","Multicolor","18-35","All","55.0","Mixed","","","","","Cuts Clothing","","","","","2026","https://cutsclothing.com/products/crossover-short-lined-bone"
"9255","Crossover Short Lined 7"" | Iron Navy Classic-fit","Male","Bottoms","Solid","Navy","18-35","All","55.0","Mixed","","","","","Cuts Clothing","","","","","2026","https://cutsclothing.com/products/crossover-short-lined-iron-navy"
"9256","Crossover Short Lined 7"" | Vapor Classic-fit","Male","Bottoms","Solid","Multicolor","18-35","All","68.0","Mixed","","","","","Cuts","","","","","2026","https://cutsclothing.com/products/crossover-short-lined-vapor"
"9257","Crossover Short Lined 7"" | Black Classic-fit","Male","Bottoms","Solid","Black","18-35","All","55.0","Mixed","","","","","Cuts Clothing","","","","","2026","https://cutsclothing.com/products/crossover-short-lined-black"
"9258","Crossover Short Lined 7"" | Obsidian Classic-Fit","Male","Bottoms","Solid","Multicolor","18-35","All","55.0","Mixed","","","","","Cuts Clothing","","","","","2026","https://cutsclothing.com/products/crossover-short-lined-obsidian"
"9259","Crossover Short Lined 7"" | Charcoal Classic-Fit","Male","Bottoms","Solid","Multicolor","18-35","All","55.0","Mixed","","","","","Cuts Clothing","","","","","2026","https://cutsclothing.com/products/crossover-short-lined-charcoal"
"9260","AO 5-Pocket Pant | Obsidian Slim-Fit Versaknit?","Male","Bottoms","Solid","Multicolor","18-35","Winter","79.0","Mixed","","","","","Cuts Clothing","","","","","2026","https://cutsclothing.com/products/ao-5-pocket-pant-obsidian"
"9261","AO 5-Pocket Pant | Steel Slim-Fit Versaknit?","Male","Bottoms","Solid","Multicolor","18-35","Winter","79.0","Mixed","","","","","Cuts Clothing","","","","","2026","https://cutsclothing.com/products/ao-5-pocket-pant-steel"
"9262","AO 5 Pocket Pant | Urban Chic Slim-fit Versaknit?","Male","Bottoms","Solid","Multicolor","18-35","Winter","79.0","Mixed","","","","","Cuts","","","","","2026","https://cutsclothing.com/products/ao-5-pocket-pant-urban-chic"
"9263","AO 5 Pocket Pant | Sepia Tint Slim-fit Versaknit?","Male","Bottoms","Solid","Multicolor","18-35","Winter","79.0","Mixed","","","","","Cuts","","","","","2026","https://cutsclothing.com/products/ao-5-pocket-pant-sepia-tint"
"9264","Riviera Knit Textured Tee | Naples Blue Signature-Fit","Male","Shirt","Solid","Blue","18-35","Winter","78.0","Mixed","","","","","Cuts Clothing","","","","","2026","https://cutsclothing.com/products/riviera-knit-texture-tee-naples-blue"
"9265","Riviera Knit Polo | Naples Blue Signature-Fit","Male","Shirt","Solid","Blue","18-35","Winter","62.0","Mixed","","","","","Cuts Clothing","","","","","2026","https://cutsclothing.com/products/riviera-knit-polo-naples-blue"
"9266","Riviera Knit Polo | Mercury Signature-Fit","Male","Shirt","Solid","Multicolor","18-35","Winter","62.0","Mixed","","","","","Cuts Clothing","","","","","2026","https://cutsclothing.com/products/riviera-knit-polo-mercury"
"9267","Riviera Knit Textured Tee | Nimbus Signature-Fit","Male","Shirt","Solid","Red","18-35","Winter","78.0","Mixed","","","","","Cuts Clothing","","","","","2026","https://cutsclothing.com/products/riviera-knit-texture-tee-nimbus"
"9268","Riviera Knit Polo | Pure Cashmere Signature-Fit","Male","Shirt","Solid","Multicolor","18-35","Winter","62.0","Cashmere","","","","","Cuts Clothing","","","","","2026","https://cutsclothing.com/products/riviera-knit-polo-pure-cashmere"
"9269","Riviera Knit Button Up | Naples Blue Signature-Fit","Male","Shirt","Solid","Blue","18-35","Winter","68.0","Mixed","","","","","Cuts Clothing","","","","","2026","https://cutsclothing.com/products/riviera-knit-button-up-naples-blue"
"9270","Riviera Knit Button Up | Mercury Signature-Fit","Male","Shirt","Solid","Multicolor","18-35","Winter","68.0","Mixed","","","","","Cuts Clothing","","","","","2026","https://cutsclothing.com/products/riviera-knit-button-up-mercury"
"9271","Riviera Knit Button Up | Pure Cashmere Signature-Fit","Male","Shirt","Solid","Multicolor","18-35","Winter","68.0","Cashmere","","","","","Cuts Clothing","","","","","2026","https://cutsclothing.com/products/riviera-knit-button-up-pure-cashmere"
"9272","Almost Friday Tee | Clay Classic-fit PYCA Pro?","Female","Shirt","Solid","Multicolor","18-35","All","32.0","Mixed","","","","","Cuts Clothing","","","","","2026","https://cutsclothing.com/products/almost-friday-tee-clay"
"9273","AO Button Up | Sage Signature-Fit PYCA Pro?","Male","Button Up","Solid","Multicolor","18-35","All","42.0","Mixed","","","","","Cuts Clothing","","","","","2026","https://cutsclothing.com/products/ao-button-up-sage"
"9274","AO Button Up | Castor Grey Signature-Fit PYCA Pro?","Male","Button Up","Solid","Grey","18-35","All","42.0","Mixed","","","","","Cuts Clothing","","","","","2026","https://cutsclothing.com/products/ao-button-up-castor-grey"
"9275","AO Button Up | Black Signature-Fit PYCA Pro?","Male","Button Up","Solid","Black","18-35","All","42.0","Mixed","","","","","Cuts Clothing","","","","","2026","https://cutsclothing.com/products/ao-button-up-black"
"9276","AO Button Up | Stratus Signature-Fit PYCA Pro?","Male","Button Up","Solid","Multicolor","18-35","All","42.0","Mixed","","","","","Cuts Clothing","","","","","2026","https://cutsclothing.com/products/ao-button-up-stratus"
"9277","Script A-Frame Hat | Black w/ White","Male","Headwear","Solid","Black","18-35","All","30.0","Mixed","","","","","Cuts Clothing","","","","","2026","https://cutsclothing.com/products/signature-a-frame-hat-black-w-white"
"9278","Dad Hat Cuts Embroidery","Male","Headwear","Solid","Multicolor","18-35","All","30.0","Mixed","","","","","Cuts Clothing","","","","","2026","https://cutsclothing.com/products/dad-hat-cuts-embroidery"
"9279","A-Frame Rope Hat | Black","Male","Headwear","Solid","Black","18-35","All","35.0","Mixed","","","","","Cuts Clothing","","","","","2026","https://cutsclothing.com/products/a-frame-rope-hat-black"
"9280","TFP Script Hat | Clay/Black","Male","Headwear","Solid","Black","18-35","All","30.0","Mixed","","","","","Cuts Clothing","","","","","2026","https://cutsclothing.com/products/tfp-script-hat-clay"
"9281","X Tech A-Frame Hat | Black","Male","Headwear","Solid","Black","18-35","All","35.0","Mixed","","","","","Cuts Clothing","","","","","2026","https://cutsclothing.com/products/x-tech-a-frame-hat-black"
"9282","X Tech A-Frame Hat | White","Male","Headwear","Solid","White","18-35","All","35.0","Mixed","","","","","Cuts Clothing","","","","","2026","https://cutsclothing.com/products/x-tech-a-frame-hat-white"
"9283","C Tech A-Frame Hat | Black","Male","Headwear","Solid","Black","18-35","All","35.0","Mixed","","","","","Cuts Clothing","","","","","2026","https://cutsclothing.com/products/c-tech-a-frame-hat-black"
"9284","Alpha Vest | Steel Classic-Fit","Male","Outerwear","Solid","Multicolor","18-35","All","164.0","Mixed","","","","","Cuts Clothing","","","","","2026","https://cutsclothing.com/products/alpha-vest-steel"
"9285","Alpha Vest | Black Classic-Fit","Male","Outerwear","Solid","Black","18-35","All","164.0","Mixed","","","","","Cuts Clothing","","","","","2026","https://cutsclothing.com/products/alpha-vest-black"
"9501","Represent X Belstaff Racing Helmet - Black","Male","Accessories","Solid","Black","18-35","All","500.0","Mixed","","","","","Exclusives","","","","","2026","https://representclo.com/products/represent-x-belstaff-racing-helmet-black"
"9502","Represent X Belstaff Panelled Cap - Charcoal","Male","Accessories","Solid","Multicolor","18-35","All","105.0","Mixed","","","","","Exclusives","","","","","2026","https://representclo.com/products/represent-x-belstaff-panelled-cap-charcoal"
"9503","Represent X Belstaff Leather Race Jacket - Black","Male","Outerwear","Solid","Black","18-35","All","1925.0","Leather","","","","","Exclusives","","","","","2026","https://representclo.com/products/represent-x-belstaff-leather-race-jacket-black"
"9504","Represent X Belstaff Racing Shorts - Dark Grey","Male","Shorts","Solid","Grey","18-35","Summer","150.0","Mixed","","","","","Exclusives","","","","","2026","https://representclo.com/products/represent-x-belstaff-racing-shorts-dark-grey"
"9505","Represent X Belstaff Nylon Racing Jacket - Jet Black","Male","Outerwear","Solid","Black","18-35","All","485.0","Nylon","","","","","Exclusives","","","","","2026","https://representclo.com/products/represent-x-belstaff-nylon-racing-jacket-jet-black"
"9506","Represent X Belstaff Born To Bike Hoodie - Mid Blue","Male","Shirt","Solid","Blue","18-35","All","275.0","Mixed","","","","","Exclusives","","","","","2026","https://representclo.com/products/represent-x-belstaff-born-to-bike-hoodie-mid-blue"
"9507","Represent X Belstaff Born To Bike Hoodie - Aged Black","Male","Shirt","Solid","Black","18-35","All","275.0","Mixed","","","","","Exclusives","","","","","2026","https://representclo.com/products/represent-x-belstaff-born-to-bike-hoodie-aged-black"
"9508","Represent X Belstaff Born To Bike T-Shirt - Flat White","Male","Shirt","Solid","White","18-35","All","165.0","Mixed","","","","","Exclusives","","","","","2026","https://representclo.com/products/represent-x-belstaff-born-to-bike-t-shirt-flat-white"
"9509","Represent X Belstaff Biker Denim - Vintage Grey","Male","Jeans","Solid","Grey","18-35","All","270.0","Denim","","","","","Exclusives","","","","","2026","https://representclo.com/products/represent-x-belstaff-biker-denim-vintage-grey"
"9510","Represent X Belstaff Long Sleeve Racing T-Shirt - Dark Grey","Male","Shirt","Solid","Grey","18-35","All","190.0","Mixed","","","","","Exclusives","","","","","2026","https://representclo.com/products/represent-x-belstaff-long-sleeve-racing-t-shirt-dark-grey"
"9511","Represent X Belstaff Racing Hoodie - Dark Grey","Male","Shirt","Solid","Grey","18-35","All","300.0","Mixed","","","","","Exclusives","","","","","2026","https://representclo.com/products/represent-x-belstaff-racing-hoodie-dark-grey"
"9512","Represent X Belstaff Born To Bike T-Shirt - Aged Black","Male","Shirt","Solid","Black","18-35","All","165.0","Mixed","","","","","Exclusives","","","","","2026","https://representclo.com/products/represent-x-belstaff-born-to-bike-t-shirt-aged-black"
"9513","Represent Owners Club Long Sleeve T-Shirt - Chalk","Male","Shirt","Solid","Multicolor","18-35","All","140.0","Mixed","","","","","Owners Club","","","","","2026","https://representclo.com/products/represent-owners-club-long-sleeve-t-shirt-chalk"
"9514","Represent Owners Club Washed Cap - Sky Blue","Male","Accessories","Solid","Blue","18-35","All","70.0","Mixed","","","","","Owners Club","","","","","2026","https://representclo.com/products/represent-owners-club-washed-cap-sky-blue"
"9515","Represent Owners Club Washed Cap - Sienna","Male","Accessories","Solid","Multicolor","18-35","All","70.0","Mixed","","","","","Owners Club","","","","","2026","https://representclo.com/products/represent-owners-club-washed-cap-sienna"
"9516","Represent Owners Club Zip Through Hoodie - Sienna","Male","Shirt","Solid","Multicolor","18-35","All","215.0","Mixed","","","","","Owners Club","","","","","2026","https://representclo.com/products/represent-owners-club-zip-through-hoodie-sienna"
"9517","Represent Owners Club Rugby Polo - Chalk","Male","Shirt","Solid","Multicolor","18-35","All","125.0","Mixed","","","","","Womens Owners Club","","","","","2026","https://representclo.com/products/womens-represent-owners-club-rugby-polo-chalk"
"9518","Represent Owners Club Jersey Short - Sienna","Male","Shorts","Solid","Multicolor","18-35","Summer","115.0","Jersey","","","","","Womens Owners Club","","","","","2026","https://representclo.com/products/womens-represent-owners-club-jersey-short-sienna"
"9519","Represent Owners Club Zip Funnel Neck - Sienna","Male","Shirt","Solid","Multicolor","18-35","All","190.0","Mixed","","","","","Womens Owners Club","","","","","2026","https://representclo.com/products/womens-represent-owners-club-zip-funnel-neck-sienna"
"9520","Represent Owners Club Jersey Short - Sky Blue","Male","Shorts","Solid","Blue","18-35","Summer","115.0","Jersey","","","","","Womens Owners Club","","","","","2026","https://representclo.com/products/womens-represent-owners-club-jersey-short-sky-blue"
"9521","Represent Owners Club Rib Vest - Chalk","Male","Shirt","Solid","Multicolor","18-35","All","85.0","Mixed","","","","","Womens Owners Club","","","","","2026","https://representclo.com/products/womens-represent-owners-club-rib-vest-chalk"
"9522","Represent Owners Club Rib Vest - Jet Black","Male","Shirt","Solid","Black","18-35","All","85.0","Mixed","","","","","Womens Owners Club","","","","","2026","https://representclo.com/products/womens-represent-owners-club-rib-vest-jet-black"
"9523","Represent Owners Club Stripe Rugby Polo - Sienna","Male","Shirt","Striped","Multicolor","18-35","All","125.0","Mixed","","","","","Womens Owners Club","","","","","2026","https://representclo.com/products/womens-represent-owners-club-stripe-rugby-polo-sienna"
"9524","Represent Owners Club Sweatpant - Sienna","Male","Jeans","Solid","Multicolor","18-35","All","175.0","Mixed","","","","","Womens Owners Club","","","","","2026","https://representclo.com/products/womens-represent-owners-club-sweatpant-sienna"
"9525","Represent Owners Club Sweatpant - Jet Black","Male","Jeans","Solid","Black","18-35","All","175.0","Mixed","","","","","Womens Owners Club","","","","","2026","https://representclo.com/products/womens-represent-owners-club-sweatpant-jet-black"
"9526","Represent Owners Club Zip Through Hoodie - Sky Blue","Male","Shirt","Solid","Blue","18-35","All","190.0","Mixed","","","","","Womens Owners Club","","","","","2026","https://representclo.com/products/womens-represent-owners-club-zip-through-hoodie-sky-blue"
"9527","Represent Owners Club Zip Through Hoodie - Jet Black","Male","Shirt","Solid","Black","18-35","All","190.0","Mixed","","","","","Womens Owners Club","","","","","2026","https://representclo.com/products/womens-represent-owners-club-zip-through-hoodie-jet-black"
"9528","Represent Owners Club Henley Sweater - Sienna","Male","Shirt","Solid","Multicolor","18-35","All","175.0","Mixed","","","","","Owners Club","","","","","2026","https://representclo.com/products/represent-owners-club-henley-sweater-sienna"
"9529","Represent Owners Club Tank - Chalk","Male","Shirt","Solid","Multicolor","18-35","Summer","85.0","Mixed","","","","","Owners Club","","","","","2026","https://representclo.com/products/represent-owners-club-tank-chalk"
"9530","Represent Owners Club Stripe Rugby Polo - Sienna","Male","Shirt","Striped","Multicolor","18-35","All","145.0","Mixed","","","","","Owners Club","","","","","2026","https://representclo.com/products/represent-owners-club-stripe-rugby-polo-sienna"
"9531","Represent Owners Club Mesh Short - Sienna","Male","Shorts","Solid","Multicolor","18-35","Summer","115.0","Mixed","","","","","Owners Club","","","","","2026","https://representclo.com/products/represent-owners-club-mesh-short-sienna"
"9532","Represent Owners Club Mesh Short - Sky Blue","Male","Shorts","Solid","Blue","18-35","Summer","115.0","Mixed","","","","","Owners Club","","","","","2026","https://representclo.com/products/represent-owners-club-mesh-short-sky-blue"
"9533","Represent Owners Club Mesh Short - Jet Black","Male","Shorts","Solid","Black","18-35","Summer","115.0","Mixed","","","","","Owners Club","","","","","2026","https://representclo.com/products/represent-owners-club-mesh-short-jet-black"
"9534","Represent Owners Club Tote Bag - Sienna","Male","Accessories","Solid","Multicolor","18-35","All","95.0","Mixed","","","","","Owners Club","","","","","2026","https://representclo.com/products/represent-owners-club-tote-bag-sienna"
"9535","Represent Owners Club Sweatpant - Sky Blue","Male","Jeans","Solid","Blue","18-35","All","175.0","Mixed","","","","","Owners Club","","","","","2026","https://representclo.com/products/represent-owners-club-sweatpant-sky-blue"
"9751","Trino? Cozy Crew - Heathered Onyx","Unisex","Socks","Solid","Red","18-35","All","24.0","Mixed","","","","","Allbirds","","","","","2026","https://www.allbirds.com/products/trino-cozy-crew-heathered-onyx"
"9752","Trino? Cozy Crew - Calm Acai","Unisex","Socks","Solid","Multicolor","18-35","All","24.0","Mixed","","","","","Allbirds","","","","","2026","https://www.allbirds.com/products/trino-cozy-crew-calm-acai"
"9753","TrinoXO? Face Mask 3 Pack - Natural White","Unisex","Apparel","Solid","White","18-35","All","15.0","Mixed","","","","","Allbirds","","","","","2026","https://www.allbirds.com/products/trinoxo-face-mask"
"9754","TrinoXO? Face Mask 3 Pack - Natural Grey","Unisex","Apparel","Solid","Grey","18-35","All","15.0","Mixed","","","","","Allbirds","","","","","2026","https://www.allbirds.com/products/trinoxo-face-mask-natural-grey"
"9755","Topper Flat Laces - Natural White","Female","Accessories","Solid","White","18-35","All","3.0","Mixed","","","","","Allbirds","","","","","2026","https://www.allbirds.com/products/topper-flat-laces-natural-white"
"9756","Topper Flat Laces - Natural Black","Female","Accessories","Solid","Black","18-35","All","3.0","Mixed","","","","","Allbirds","","","","","2026","https://www.allbirds.com/products/topper-flat-laces-natural-black"
"9757","The Beanie - Natural White","Unisex","Accessories","Solid","White","18-35","All","19.0","Mixed","","","","","Allbirds","","","","","2026","https://www.allbirds.com/products/the-beanie-natural-white"
"9758","The Beanie - Ironbark","Unisex","Accessories","Solid","Multicolor","18-35","All","19.0","Mixed","","","","","Allbirds","","","","","2026","https://www.allbirds.com/products/the-beanie"
"9759","Sugar Zeffer 2 - Natural Black","Unisex","Shoes","Solid","Black","18-35","All","24.0","Mixed","","","","","Allbirds","","","","","2026","https://www.allbirds.com/products/sugar-zeffers-natural-black-2"
"9760","Sugar Zeffer 2 - Lux Beige","Unisex","Shoes","Solid","Beige","18-35","All","24.0","Mixed","","","","","Allbirds","","","","","2026","https://www.allbirds.com/products/sugar-zeffers-lux-beige"
"9761","Sugar Zeffer 2 - Buoyant Orange","Unisex","Shoes","Solid","Orange","18-35","All","24.0","Mixed","","","","","Allbirds","","","","","2026","https://www.allbirds.com/products/sugar-zeffers-buoyant-orange"
"9762","Sugar Sliders - Buoyant Orange","Unisex","Shoes","Solid","Orange","18-35","All","30.0","Mixed","","","","","Allbirds","","","","","2026","https://www.allbirds.com/products/sugar-sliders-buoyant-orange"
"9763","Sugar Slider - Natural Black","Unisex","Shoes","Solid","Black","18-35","All","30.0","Mixed","","","","","Allbirds","","","","","2026","https://www.allbirds.com/products/sugar-sliders"
"9764","Smallbirds Wool Runners - Little Kids - Wowza Blue (Buoyant Mint Sole)","Unisex","Shoes","Solid","Blue","18-35","Winter","25.0","Wool","","","","","Allbirds","","","","","2026","https://www.allbirds.com/products/smallbirds-wool-runners-little-kids-wowza-blue"
"9765","Smallbirds Wool Runners - Little Kids - Natural White Fluffs (Natural White Sole)","Unisex","Shoes","Solid","White","18-35","Winter","25.0","Wool","","","","","Allbirds","","","","","2026","https://www.allbirds.com/products/smallbirds-wool-runners-little-kids-natural-white-fluffs"
"9766","Smallbirds Wool Runners - Little Kids - Natural White (Natural White Sole)","Unisex","Shoes","Solid","White","18-35","Winter","25.0","Wool","","","","","Allbirds","","","","","2026","https://www.allbirds.com/products/smallbirds-wool-runners-little-kids-natural-white"
"9767","Smallbirds Wool Runners - Little Kids - Lux Purple Fluffs (Lux Purple Sole)","Unisex","Shoes","Solid","Purple","18-35","Winter","25.0","Wool","","","","","Allbirds","","","","","2026","https://www.allbirds.com/products/smallbirds-wool-runners-little-kids-lux-purple-fluffs"
"9768","Smallbirds Wool Runners - Little Kids - Buoyant Pink (Buoyant Pink Sole)","Unisex","Shoes","Solid","Pink","18-35","Winter","25.0","Wool","","","","","Allbirds","","","","","2026","https://www.allbirds.com/products/smallbirds-wool-runners-little-kids-buoyant-pink"
"9769","Smallbirds Wool Runners - Big Kids - Natural White Fluffs (Natural White Sole)","Unisex","Shoes","Solid","White","18-35","Winter","25.0","Wool","","","","","Allbirds","","","","","2026","https://www.allbirds.com/products/smallbirds-wool-runners-big-kids-natural-white-fluffs"
"9770","Smallbirds Wool Runners - Big Kids - Natural White (Natural White Sole)","Unisex","Shoes","Solid","White","18-35","Winter","25.0","Wool","","","","","Allbirds","","","","","2026","https://www.allbirds.com/products/smallbirds-wool-runners-big-kids-natural-white"
"9771","Smallbirds Wool Runners - Big Kids - Lux Purple Fluffs (Lux Purple Sole)","Unisex","Shoes","Solid","Purple","18-35","Winter","25.0","Wool","","","","","Allbirds","","","","","2026","https://www.allbirds.com/products/smallbirds-wool-runners-big-kids-lux-purple-fluffs"
"9772","Smallbirds Wool Loungers - Little Kids - Thrive Teal (Blizzard Sole) - New Edition 2023","Unisex","Shoes","Solid","Teal","18-35","Winter","25.0","Wool","","","","","Allbirds","","","","","2026","https://www.allbirds.com/products/smallbirds-wool-loungers-little-kids-thrive-teal-2"
"9773","Smallbirds Wool Loungers - Little Kids - Natural Black 1 (Blizzard Sole)","Unisex","Shoes","Solid","Black","18-35","Winter","25.0","Wool","","","","","Allbirds","","","","","2026","https://www.allbirds.com/products/smallbirds-wool-loungers-little-kids-natural-black-1"
"9774","Smallbirds Wool Loungers - Little Kids - Natural White (Natural White Sole)","Unisex","Shoes","Solid","White","18-35","Winter","25.0","Wool","","","","","Allbirds","","","","","2026","https://www.allbirds.com/products/smallbirds-wool-loungers-little-kids-natural-white"
"9775","Smallbirds Wool Loungers - Little Kids - Light Grey (Blizzard Sole)","Unisex","Shoes","Solid","Grey","18-35","Winter","25.0","Wool","","","","","Allbirds","","","","","2026","https://www.allbirds.com/products/smallbirds-wool-loungers-little-kids-light-grey"
"9776","Smallbirds Wool Loungers - Big Kids - Natural Black (Blizzard Sole)","Unisex","Shoes","Solid","Black","18-35","Winter","32.0","Wool","","","","","Allbirds","","","","","2026","https://www.allbirds.com/products/smallbirds-wool-loungers-big-kids-natural-black"
"9777","Smallbirds Wool Loungers - Big Kids - Calm Cargo (Natural White Sole)","Unisex","Shoes","Solid","White","18-35","Winter","32.0","Wool","","","","","Allbirds","","","","","2026","https://www.allbirds.com/products/smallbirds-wool-loungers-big-kids-calm-cargo"
"9778","Smallbirds Pom Beanie - Little Kids - Blue Grey Marl","Unisex","Accessories","Solid","Grey","18-35","All","14.0","Mixed","","","","","Allbirds","","","","","2026","https://www.allbirds.com/products/smallbirds-pom-beanie-little-kids"
"9779","Skipper Flat Laces - Natural White","Female","Accessories","Solid","White","18-35","All","3.0","Mixed","","","","","Allbirds","","","","","2026","https://www.allbirds.com/products/skipper-flat-laces-natural-white"
"9780","Skipper Flat Laces - Natural Black","Female","Accessories","Solid","Black","18-35","All","3.0","Mixed","","","","","Allbirds","","","","","2026","https://www.allbirds.com/products/skipper-flat-laces-natural-black"
"9781","Runner Lace Kit - Falling Leaf + City Snow + Frozen Pond","Female","Lace Pack","Solid","Multicolor","18-35","Autumn","6.0","Mixed","","","","","Allbirds","","","","","2026","https://www.allbirds.com/products/runner-lace-kit-falling-leaf-city-snow-frozen-pond"
"9782","Men's Zeffer Straps - Wave","Male","Accessories","Solid","Multicolor","18-35","All","9.0","Mixed","","","","","Allbirds","","","","","2026","https://www.allbirds.com/products/mens-zeffer-straps-wave"
"9783","Men's Zeffer Straps - Mandarin","Male","Accessories","Solid","Multicolor","18-35","All","9.0","Mixed","","","","","Allbirds","","","","","2026","https://www.allbirds.com/products/mens-zeffer-straps-mandarin"
"9784","Men's Zeffer Straps - Limoncello","Male","Accessories","Solid","Multicolor","18-35","All","9.0","Mixed","","","","","Allbirds","","","","","2026","https://www.allbirds.com/products/mens-zeffer-straps-limoncello"
"9785","Men's Zeffer Straps - Charcoal","Male","Accessories","Solid","Multicolor","18-35","All","9.0","Mixed","","","","","Allbirds","","","","","2026","https://www.allbirds.com/products/mens-zeffer-straps"
"10001","ESSENTIAL SLIM TEE","Unisex","Tees","Solid","Multicolor","18-35","All","35.0","Mixed","","","","","ThreadC","","","","","2026","https://www.frankandoak.com/products/mens-knit-t-shirt-black-2mkt001fe-bla"
"10007","PRINTED TENCEL? LYOCELL RESORT SHIRT","Unisex","Shirt","Solid","Multicolor","18-35","All","69.0","Mixed","","","","","ThreadC","","","","","2026","https://www.frankandoak.com/products/mens-woven-shirt-blue-night-2mwc0041fe-night"
"10008","TENCEL? LYOCELL RESORT SHIRT","Unisex","Shirt","Solid","Multicolor","18-35","All","65.0","Mixed","","","","","ThreadC","","","","","2026","https://www.frankandoak.com/products/mens-woven-shirt-flint-stone-2mwc0040fe-ston"
"10009","PRINTED CHAMBRAY RESORT SHIRT","Female","Shirt","Solid","Multicolor","18-35","All","69.0","Mixed","","","","","ThreadC","","","","","2026","https://www.frankandoak.com/products/mens-woven-shirt-blue-2mwc0039fe-blue"
"10010","LINEN CHAMBRAY SHIRT","Female","Shirt","Solid","Multicolor","18-35","Summer","65.0","Linen","","","","","ThreadC","","","","","2026","https://www.frankandoak.com/products/mens-woven-shirt-grey-2mwc0038fe-egre"
"10012","DARK INDIGO DENIM JACKET","Unisex","Jacket","Solid","Multicolor","18-35","All","145.0","Denim","","","","","ThreadC","","","","","2026","https://www.frankandoak.com/products/mens-denim-jacket-dark-indigo-wash-2mwj002fe-idg"
"10013","DARK INDIGO STRAIGHT LEG DENIM","Unisex","Jeans","Solid","Multicolor","18-35","All","125.0","Denim","","","","","ThreadC","","","","","2026","https://www.frankandoak.com/products/mens-denim-jeans-dark-indigo-wash-2mwd001fe-idg"
"10014","RUGBY POLO","Male","Polos","Solid","Multicolor","18-35","All","89.0","Mixed","","","","","ThreadC","","","","","2026","https://www.frankandoak.com/products/mens-knit-sweater-rain-washed-2mkt008fe-seablu"
"10016","ESSENTIAL CREW SWEATSHIRT","Unisex","Shirt","Solid","Multicolor","18-35","All","75.0","Mixed","","","","","ThreadC","","","","","2026","https://www.frankandoak.com/products/mens-knit-sweater-sand-dune-2mkt004fe-incen"
"10018","RELAXED FATIGUE PANT","Unisex","Jeans","Solid","Multicolor","18-35","All","129.0","Mixed","","","","","ThreadC","","","","","2026","https://www.frankandoak.com/products/mens-woven-pants-canvas-2mwp003fe-clk"
"10020","ESSENTIAL STRAIGHT PANT","Unisex","Jeans","Solid","Multicolor","18-35","All","129.0","Mixed","","","","","ThreadC","","","","","2026","https://www.frankandoak.com/products/mens-woven-pants-sand-dune-2mwp004fe-incen"
"10022","RELAXED PLEATED CHINO PANT","Unisex","Jeans","Solid","Multicolor","18-35","All","119.0","Mixed","","","","","ThreadC","","","","","2026","https://www.frankandoak.com/products/mens-woven-pants-sand-dune-2mwp002fe-incen"
"10025","ESSENTIAL SLIM CHINO PANT","Unisex","Jeans","Solid","Multicolor","18-35","All","109.0","Mixed","","","","","ThreadC","","","","","2026","https://www.frankandoak.com/products/mens-woven-pants-sand-dune-2mwp001fe-incen"
"10028","MAC COAT","Unisex","Jacket","Solid","Multicolor","18-35","Winter","275.0","Mixed","","","","","ThreadC","","","","","2026","https://www.frankandoak.com/products/mens-woven-jacket-sand-dune-2mwj003fe-incen"
"10029","WORKWEAR OVERSHIRT","Unisex","Jacket","Solid","Multicolor","18-35","All","125.0","Mixed","","","","","ThreadC","","","","","2026","https://www.frankandoak.com/products/mens-woven-jacket-canvas-2mwj001fe-clk"
"10031","ESSENTIAL QUARTER ZIP SWEATSHIRT","Male","Men'S Fashion","Solid","Multicolor","18-35","All","89.0","Mixed","","","","","ThreadC","","","","","2026","https://www.frankandoak.com/products/mens-knit-sweater-sand-dune-2mkt015fe-incen"
"10033","PATTERN KNIT SHIRT","Unisex","Shirt","Solid","Multicolor","18-35","Winter","89.0","Mixed","","","","","ThreadC","","","","","2026","https://www.frankandoak.com/products/mens-knit-t-shirt-scarab-2mkt033fe-sca"
"10034","MILANO KNIT POLO","Male","Polos","Solid","Multicolor","18-35","Winter","79.0","Mixed","","","","","ThreadC","","","","","2026","https://www.frankandoak.com/products/mens-knit-t-shirt-grisaille-2mkt032fe-gri"
"10057","Sprayed Slub Tee - Desert Camo","Male","Shirt","Camouflage","Multicolor","18-35","All","48.0","Mixed","","","","","mnml","","","","","2026","https://www.mnml.la/products/mnml-tops-sprayed-slub-tee-m2026-t722-dtc"
"10058","Ultra Wide Stained Denim - White","Male","Jeans","Solid","White","18-35","All","78.0","Denim","","","","","mnml","","","","","2026","https://www.mnml.la/products/mnml-denim-ultra-wide-stained-denim-m2026-d784-wht"
"10059","Striped S/S Tee - Pink/Green","Male","Shirt","Striped","Green","18-35","All","48.0","Mixed","","","","","mnml","","","","","2026","https://www.mnml.la/products/mnml-tops-striped-s-s-tee-m2026-t786-pgr"
"10060","Ultra Baggy Stripe Twill Shorts - Washed Blue","Male","Bottoms","Striped","Blue","18-35","Summer","68.0","Mixed","","","","","mnml","","","","","2026","https://www.mnml.la/products/mnml-bottoms-ultra-baggy-stripe-twill-shorts-m2026-v720-wbl"
"10061","Ultra Baggy Stripe Twill Shorts - Washed Black","Male","Bottoms","Striped","Black","18-35","Summer","68.0","Mixed","","","","","mnml","","","","","2026","https://www.mnml.la/products/mnml-bottoms-ultra-baggy-stripe-twill-shorts-m2026-v720-wbk"
"10062","Rave Stripe Denim - Black","Male","Jeans","Striped","Black","18-35","All","78.0","Denim","","","","","mnml","","","","","2026","https://www.mnml.la/products/mnml-denim-rave-stripe-denim-m2026-d771-blk"
"10063","Waxed Skinny Denim - Black","Male","Jeans","Solid","Black","18-35","All","78.0","Denim","","","","","mnml","","","","","2026","https://www.mnml.la/products/mnml-denim-waxed-skinny-denim-m2026-d768-blk"
"10064","Distressed Rave Cargo Pants - Camo","Male","Bottoms","Camouflage","Multicolor","18-35","All","88.0","Mixed","","","","","mnml","","","","","2026","https://www.mnml.la/products/mnml-bottoms-distressed-rave-cargo-pants-m2026-p762-cam"
"10065","Sinister Thermal L/S Tee - Off White","Male","Shirt","Solid","White","18-35","Winter","56.0","Mixed","","","","","mnml","","","","","2026","https://www.mnml.la/products/mnml-tops-sinister-thermal-l-s-tee-m2026-l755-owt"
"10066","Ultra Wide Distressed Denim - Blue","Male","Jeans","Solid","Blue","18-35","All","88.0","Denim","","","","","mnml","","","","","2026","https://www.mnml.la/products/mnml-denim-ultra-wide-distressed-denim-m2025-d736-blu"
"10067","Ultra Baggy Work Shorts - Black","Male","Bottoms","Solid","Black","18-35","Summer","78.0","Mixed","","","","","mnml","","","","","2026","https://www.mnml.la/products/mnml-bottoms-ultra-baggy-work-shorts-m2026-v431-blk"
"10068","Ultra Baggy Chain Printed Denim Shorts - Light Blue","Male","Jeans","Solid","Blue","18-35","Summer","88.0","Denim","","","","","mnml","","","","","2026","https://www.mnml.la/products/mnml-denim-ultra-baggy-chain-printed-denim-shorts-m2026-e664-lbl"
"10069","Extra Long Nylon Cargo Shorts - Black","Male","Bottoms","Solid","Black","18-35","Summer","78.0","Nylon","","","","","mnml","","","","","2026","https://www.mnml.la/products/mnml-bottoms-extra-long-nylon-cargo-shorts-m2026-v765-blk"
"10070","Extra Long Nylon Cargo Shorts - Camo","Male","Bottoms","Camouflage","Multicolor","18-35","Summer","78.0","Nylon","","","","","mnml","","","","","2026","https://www.mnml.la/products/mnml-bottoms-extra-long-nylon-cargo-shorts-m2026-v765-cam"
"10071","Distressed Ultra Baggy Cargo Shorts - Camo","Male","Bottoms","Camouflage","Multicolor","18-35","Summer","78.0","Mixed","","","","","mnml","","","","","2026","https://www.mnml.la/products/mnml-bottoms-distressed-ultra-baggy-cargo-shorts-m2026-v764-cam"
"10072","Gamble Cutoff Tee - Off White","Male","Shirt","Solid","White","18-35","All","48.0","Mixed","","","","","mnml","","","","","2026","https://www.mnml.la/products/mnml-tops-gamble-cutoff-tee-m2026-t761-owt"
"10073","Bleeding L/S Tee - Yellow","Male","Shirt","Solid","Yellow","18-35","All","56.0","Mixed","","","","","mnml","","","","","2026","https://www.mnml.la/products/mnml-tops-bleeding-l-s-tee-m2026-l760-yll"
"10074","Quiet Zip Up Hoodie - Washed Black","Male","Outerwear","Solid","Black","18-35","All","68.0","Mixed","","","","","mnml","","","","","2026","https://www.mnml.la/products/mnml-outerwear-quiet-zip-up-hoodie-m2026-h759-wbk"
"10075","994 Phantom Tee - Washed Black","Male","Shirt","Solid","Black","18-35","All","48.0","Mixed","","","","","mnml","","","","","2026","https://www.mnml.la/products/mnml-tops-994-phantom-tee-m2026-t758-wbk"
"10076","Lost L/S Tee - Orange","Male","Shirt","Solid","Orange","18-35","All","56.0","Mixed","","","","","mnml","","","","","2026","https://www.mnml.la/products/mnml-tops-lost-l-s-tee-m2026-l757-orn"
"10077","Ritual Cut Off Tee - Black","Male","Shirt","Solid","Black","18-35","All","48.0","Mixed","","","","","mnml","","","","","2026","https://www.mnml.la/products/mnml-tops-ritual-cut-off-tee-m2025-t727-blk"
"10078","Wide Polo S/S Shirt - Light Blue","Male","Shirt","Solid","Blue","18-35","All","54.0","Mixed","","","","","mnml","","","","","2026","https://www.mnml.la/products/mnml-tops-wide-polo-s-s-shirt-m2026-f756-lbl"
"10079","Wide Striped S/S Polo Shirt - Navy/Natural/Red","Male","Shirt","Striped","Navy","18-35","All","54.0","Mixed","","","","","mnml","","","","","2026","https://www.mnml.la/products/mnml-tops-wide-striped-s-s-polo-shirt-m2025-f728-nyn"
"10080","Pleated Twill Shorts - Khaki","Male","Bottoms","Solid","Khaki","18-35","Summer","68.0","Mixed","","","","","mnml","","","","","2026","https://www.mnml.la/products/mnml-bottoms-pleated-twill-shorts-m2025-v726-kha"
"10081","Pleated Twill Shorts - Black","Male","Bottoms","Solid","Black","18-35","Summer","68.0","Mixed","","","","","mnml","","","","","2026","https://www.mnml.la/products/mnml-bottoms-pleated-twill-shorts-m2025-v726-blk"
"10082","Darted Baggy Denim - Rinsed Black","Male","Jeans","Solid","Black","18-35","All","88.0","Denim","","","","","mnml","","","","","2026","https://www.mnml.la/products/mnml-denim-darted-baggy-denim-m2025-d709-rbk"
"10083","Darted Baggy Denim - Rinsed Indigo","Male","Jeans","Solid","Multicolor","18-35","All","88.0","Denim","","","","","mnml","","","","","2026","https://www.mnml.la/products/mnml-denim-darted-baggy-denim-m2025-d709-rin"
"10084","Collegiate Cardigan Sweater - Black/Brown","Male","Outerwear","Solid","Black","18-35","All","78.0","Mixed","","","","","mnml","","","","","2026","https://www.mnml.la/products/mnml-outerwear-collegiate-cardigan-sweater-m2025-m697-bwn"
"10085","Side Snap Nylon Shorts - Black","Male","Bottoms","Solid","Black","18-35","Summer","40.0","Nylon","","","","","mnml","","","","","2026","https://www.mnml.la/products/mnml-bottoms-side-snap-nylon-shorts-m2025-v698-blk"
"10086","Paneled Crewneck - Black","Male","Outerwear","Solid","Black","18-35","All","18.0","Mixed","","","","","mnml","","","","","2026","https://www.mnml.la/products/mnml-outerwear-panelled-crewneck-m2025-c423-blk"
"10087","Paneled Crewneck - Bone","Male","Outerwear","Solid","Multicolor","18-35","All","18.0","Mixed","","","","","mnml","","","","","2026","https://www.mnml.la/products/mnml-outerwear-panelled-crewneck-m2025-c423-bon"
"10088","Distressed Sleeveless Tank - Antique White","Male","Shirt","Solid","White","18-35","Summer","12.0","Mixed","","","","","mnml","","","","","2026","https://www.mnml.la/products/mnml-tops-distressed-sleeveless-tank-m2025-k412-awt"
"10089","West Double Knee Sweatpants - Blue","Male","Bottoms","Solid","Blue","18-35","All","58.0","Mixed","","","","","mnml","","","","","2026","https://www.mnml.la/products/mnml-bottoms-west-double-knee-sweatpants-m2024-w879-blu"
"10090","Mixed Flannel Crewneck Sweater - Multi","Male","Outerwear","Solid","Multicolor","18-35","All","64.0","Mixed","","","","","mnml","","","","","2026","https://www.mnml.la/products/mnml-outerwear-mixed-flannel-crewneck-sweater-m2026-m767-mul"
"10091","Crossbone L/S Tee - Washed Black","Male","Shirt","Solid","Black","18-35","All","56.0","Mixed","","","","","mnml","","","","","2026","https://www.mnml.la/products/mnml-tops-crossbone-l-s-tee-m2026-l754-wbk"
"10307","CIRA GARTER MINI SKIRT - BLACK","Female","Intimates","Solid","Black","18-35","All","69.0","Mixed","","","","","I.AM.GIA","","","","","2026","https://www.iamgia.com/products/cira-garter-mini-skirt-black"
"10308","SCARLETTE HEEL - SILVER","Female","Axx","Solid","Silver","18-35","All","155.0","Mixed","","","","","I.AM.GIA","","","","","2026","https://www.iamgia.com/products/scarlette-heel-silver"
"10309","CIRA CORSET - BLACK","Female","Intimates","Solid","Black","18-35","All","79.0","Mixed","","","","","I.AM.GIA","","","","","2026","https://www.iamgia.com/products/cira-corset-black"
"10310","ISSHA TERRY HAT - STONE","Female","Axx","Solid","Multicolor","18-35","All","39.0","Mixed","","","","","I.AM.GIA","","","","","2026","https://www.iamgia.com/products/issha-terry-hat-stone"
"10311","LUMA MINI DRESS - GREY","Female","Shirt","Solid","Grey","18-35","All","99.0","Mixed","","","","","I.AM.GIA","","","","","2026","https://www.iamgia.com/products/luma-mini-dress-grey"
"10312","MILA BAG - PANTHERA","Female","Axx","Solid","Multicolor","18-35","All","89.0","Mixed","","","","","I.AM.GIA","","","","","2026","https://www.iamgia.com/products/mila-bag-panthera"
"10313","ODEZIA TOP - GIA GIRLS","Female","Shirt","Solid","Multicolor","13-17","All","55.0","Mixed","","","","","I.AM.GIA","","","","","2026","https://www.iamgia.com/products/odezia-top-gia-girls"
"10314","MILA METALLIC BAG - SILVER METALLIC","Female","Axx","Solid","Silver","18-35","All","89.0","Mixed","","","","","I.AM.GIA","","","","","2026","https://www.iamgia.com/products/mila-metallic-bag-silver-metallic"
"10315","CHERRI MINI SKIRT - GREY MULTI","Female","Skirt","Solid","Grey","18-35","All","79.0","Mixed","","","","","I.AM.GIA","","","","","2026","https://www.iamgia.com/products/cherri-mini-skirt-grey-multi"
"10316","YANA KNEE HIGH BOOTS - PANTHERA","Female","Axx","Solid","Multicolor","18-35","All","239.0","Mixed","","","","","I.AM.GIA","","","","","2026","https://www.iamgia.com/products/yana-knee-high-boots-panthera"
"10317","ISSHA TERRY MINI SKIRT - STONE","Female","Skirt","Solid","Multicolor","18-35","All","89.0","Mixed","","","","","I.AM.GIA","","","","","2026","https://www.iamgia.com/products/issha-terry-mini-skirt-stone"
"10318","INA RIB TANK - MUSHROOM","Female","Shirt","Solid","Multicolor","18-35","Summer","55.0","Mixed","","","","","I.AM.GIA","","","","","2026","https://www.iamgia.com/products/ina-rib-tank-mushroom"
"10319","STARLA MINI DRESS - PINK","Female","Dress","Solid","Pink","18-35","All","109.0","Mixed","","","","","I.AM.GIA","","","","","2026","https://www.iamgia.com/products/starla-mini-dress-pink"
"10320","AMBER LACE BODYSUIT - BLACK","Female","Intimates","Solid","Black","18-35","All","59.0","Mixed","","","","","I.AM.GIA","","","","","2026","https://www.iamgia.com/products/amber-lace-bodysuit-black"
"10321","PENELOPE TANK - GIRL NEXT DOOR","Female","Shirt","Solid","Multicolor","13-17","Summer","55.0","Mixed","","","","","I.AM.GIA","","","","","2026","https://www.iamgia.com/products/penelope-tank-girl-next-door"
"10322","INKA STUDDED FLIP FLOP - BABY PINK","Female","Axx","Solid","Pink","18-35","All","69.0","Mixed","","","","","I.AM.GIA","","","","","2026","https://www.iamgia.com/products/inka-studded-flip-flop-baby-pink"
"10323","LEXX MINI DRESS - SILVER","Female","Dress","Solid","Silver","18-35","All","129.0","Mixed","","","","","I.AM.GIA","","","","","2026","https://www.iamgia.com/products/lexx-mini-dress-silver"
"10324","LIOR BIKINI BOTTOM - SILVER","Female","Swimwear","Solid","Silver","18-35","Summer","55.0","Mixed","","","","","I.AM.GIA","","","","","2026","https://www.iamgia.com/products/lior-bikini-bottom-silver"
"10325","LIOR BIKINI TOP - SILVER","Female","Swimwear","Solid","Silver","18-35","Summer","55.0","Mixed","","","","","I.AM.GIA","","","","","2026","https://www.iamgia.com/products/lior-bikini-top-silver"
"10326","PORTIA RUFFLE MINI SKIRT - BLACK","Female","Skirt","Solid","Black","18-35","All","69.0","Mixed","","","","","I.AM.GIA","","","","","2026","https://www.iamgia.com/products/portia-ruffle-mini-skirt-black"
"10327","PORTIA RUFFLE HALTER TOP - BLACK","Female","Shirt","Solid","Black","18-35","All","65.0","Mixed","","","","","I.AM.GIA","","","","","2026","https://www.iamgia.com/products/portia-ruffle-halter-top-black"
"10328","DIAMOND 2-IN-1 MINI DRESS - CREAM","Female","Shirt","Solid","Cream","18-35","All","119.0","Mixed","","","","","I.AM.GIA","","","","","2026","https://www.iamgia.com/products/diamond-2-in-1-mini-dress-cream"
"10329","COURTNEY TANK - SUPER MODEL","Female","Shirt","Solid","Multicolor","18-35","Summer","65.0","Mixed","","","","","I.AM.GIA","","","","","2026","https://www.iamgia.com/products/courtney-tank-super-model"
"10330","BRIELLE TERRY MINI SKIRT - PINK","Female","Skirt","Solid","Pink","18-35","All","69.0","Mixed","","","","","I.AM.GIA","","","","","2026","https://www.iamgia.com/products/brielle-terry-mini-skirt-pink"
"10331","BLARE HOODIE - LIGHT PINK STRIPE","Female","Jacket","Striped","Pink","18-35","All","79.0","Mixed","","","","","I.AM.GIA","","","","","2026","https://www.iamgia.com/products/blare-hoodie-light-pink-stripe"
"10332","BLARE HOODIE - HOT PINK STRIPE","Female","Jacket","Striped","Pink","18-35","All","79.0","Mixed","","","","","I.AM.GIA","","","","","2026","https://www.iamgia.com/products/blare-hoodie-hot-pink-stripe"
"10333","BLARE FOLDOVER TRACKPANT - LIGHT PINK STRIPE","Female","Jeans","Striped","Pink","18-35","All","85.0","Mixed","","","","","I.AM.GIA","","","","","2026","https://www.iamgia.com/products/blare-foldover-trackpant-light-pink-stripe"
"10334","BLARE FOLDOVER TRACKPANT - HOT PINK STRIPE","Female","Jeans","Striped","Pink","18-35","All","85.0","Mixed","","","","","I.AM.GIA","","","","","2026","https://www.iamgia.com/products/blare-foldover-trackpant-hot-pink-stripe"
"10335","INA TANK - HEATHER GREY","Female","Shirt","Solid","Grey","18-35","Summer","55.0","Mixed","","","","","I.AM.GIA","","","","","2026","https://www.iamgia.com/products/ina-tank-heather-grey"
"10336","NESSY BOOB TUBE - GIA GIRL","Female","Shirt","Solid","Multicolor","13-17","All","59.0","Mixed","","","","","I.AM.GIA","","","","","2026","https://www.iamgia.com/products/nessy-boob-tube-gia-girl"
"10337","CANDI PANT - CREAM","Female","Jeans","Solid","Cream","18-35","All","89.0","Mixed","","","","","I.AM.GIA","","","","","2026","https://www.iamgia.com/products/candi-pant-cream"
"10338","CANDI TOP - CREAM","Female","Shirt","Solid","Cream","18-35","All","65.0","Mixed","","","","","I.AM.GIA","","","","","2026","https://www.iamgia.com/products/candi-top-cream"
"10339","BIJOU BIKINI TOP - BLACK","Female","Swimwear","Solid","Black","18-35","Summer","59.0","Mixed","","","","","I.AM.GIA","","","","","2026","https://www.iamgia.com/products/bijou-bikini-top-black"
"10340","BIJOU BIKINI BOTTOM - BLACK","Female","Swimwear","Solid","Black","18-35","Summer","59.0","Mixed","","","","","I.AM.GIA","","","","","2026","https://www.iamgia.com/products/bijou-bikini-bottom-black"
"10341","NESSY BOOB TUBE - WORSHIP ME","Female","Shirt","Solid","Multicolor","18-35","All","59.0","Mixed","","","","","I.AM.GIA","","","","","2026","https://www.iamgia.com/products/nessy-boob-tube-worship-me"
